date,word,jumbles
2021-06-08 12:40:00,conversation,['conservation']
2021-06-08 12:40:00,answers,['rawness']
2021-06-08 12:40:00,density,['destiny']
2021-06-08 12:40:00,fighter,['freight']
2021-06-08 12:40:00,english,['shingle']
2021-06-08 12:40:00,garden,"['danger', 'gander', 'ranged']"
2021-06-08 12:40:00,hatred,['thread']
2021-06-08 12:40:00,strap,"['parts', 'traps']"
2021-06-08 12:40:00,super,['purse']
2021-06-08 12:40:00,friend,['finder']
2021-06-08 12:40:00,steven,['events']
2021-06-08 12:40:00,penis,"['snipe', 'spine', 'pines']"
2021-06-08 12:40:00,steal,"['teals', 'stale', 'tales', 'tesla']"
2021-06-08 12:40:00,plugins,['pulsing']
2021-06-08 12:40:00,anger,['range']
2021-06-08 12:40:00,ropes,"['pores', 'spore']"
2021-06-08 12:40:00,tacos,"['coats', 'ascot', 'coast']"
2021-06-08 12:40:00,west,"['stew', 'wets']"
2021-06-08 12:40:00,kaden (kande like the last name),['naked']
2021-06-08 12:40:00,daniel,"['denial', 'nailed']"
2021-06-08 12:40:00,pots,"['tops', 'stop', 'post']"
2021-06-08 12:40:00,mother,['thermo']
2021-06-08 12:40:00,film,['milf']
2021-06-08 12:40:00,caden,['dance']
2021-06-09 02:08:00,dream,"['madre', 'armed']"
2021-06-09 02:08:00,steak,"['stake', 'takes']"
2021-06-09 02:08:00,sleep,['peels']
2021-06-10 11:47:00,shower,['whores']
2021-06-10 11:47:00,bella,['label']
2021-06-12 02:01:00,deep,['peed ðŸ˜†']
2021-06-12 02:01:00,harry om,['marry ho']
2021-06-13 02:09:00,table,['bleat']
2021-06-13 02:09:00,tablet,['battle!!']
2021-06-13 02:09:00,brides,['debris']
2021-06-14 15:48:00,bahia,['habia']
2021-06-14 15:48:00,sample,['maples']
2021-06-17 20:36:00,fbi,['fib']
2021-06-17 20:36:00,piss,['sips']
2021-06-17 20:36:00,mucky boots,['cum book sty']
2021-06-18 13:13:00,browse,['bowser']
2021-06-18 13:13:00,exists,['sexist']
2021-06-18 13:13:00,'ariom (how pirates say it),"['mario', 'moira', 'maori']"
2021-06-19 02:14:00,name,"['mean', 'mane', 'amen']"
2021-06-19 02:14:00,rental,"['learnt', 'antler']"
2021-06-21 12:42:00,no,['on']
2021-06-21 12:42:00,nope,"['open', 'peon']"
2021-06-21 12:42:00,worse,"['swore', 'sower']"
2021-06-21 12:42:00,search,"['arches', 'chaser']"
2021-06-21 12:42:00,fifty-ones,['yiff stone']
2021-06-21 12:42:00,groan,"['organ', 'argon']"
2021-06-21 12:42:00,wrong,['grown']
2021-06-21 12:42:00,rock,['cork']
2021-06-21 12:42:00,gorb ray,['rob gary']
2021-06-21 12:42:00,subtle,['bustle']
2021-06-21 12:42:00,spider,['prides']
2021-06-21 12:42:00,three,['there']
2021-06-21 12:42:00,pride,['riped']
2021-06-22 17:42:00,slicer,['relics']
2021-06-22 17:42:00,atom,['moat']
2021-06-22 17:42:00,right,['girth']
2021-06-22 17:42:00,route,['outer']
2021-06-24 18:40:00,notices,['section']
2021-06-24 18:40:00,action,['cation']
2021-06-24 18:40:00,maid,['amid']
2021-06-25 23:45:00,bloused,['doubles']
2021-06-26 01:08:00,reclaim,['miracle']
2021-06-26 01:08:00,sex american,['maxes an icer']
2021-06-26 01:08:00,sixty nine emails,['sex ninety mails']
2021-06-26 01:08:00,castle,['cleats']
2021-06-28 17:54:00,asher,"['share', 'shear', 'hares', 'hears']"
2021-06-28 17:54:00,rap,['par']
2021-06-28 17:54:00,bar,['bra']
2021-06-28 17:54:00,one,['eon']
2021-06-28 17:54:00,raps,"['spar', 'rasp', 'pars']"
2021-06-28 17:54:00,parsley,"['players', 'replays', 'sparely']"
2021-06-28 17:54:00,deserver,['reserved']
2021-06-28 17:54:00,desserts,['stressed']
2021-06-28 17:54:00,art,"['rat', 'tar']"
2021-06-28 17:54:00,arts,"['rats', 'tars', 'star']"
2021-06-28 17:54:00,optic,['topic']
2021-06-28 17:54:00,protic,['pictor']
2021-06-29 13:53:00,martial,['marital']
2021-06-29 13:53:00,arson,['sonar']
2021-07-03 14:48:00,point,['pinto']
2021-07-03 14:48:00,cures,['curse']
2021-07-03 14:48:00,lamer,['realm']
2021-07-03 14:48:00,credit,['direct']
2021-07-03 14:48:00,mason,['moans']
2021-07-03 14:48:00,throb,['broth']
2021-07-03 14:48:00,analers (is this a word ðŸ¤” ),['arsenal']
2021-07-03 14:48:00,roles,['loser']
2021-07-03 14:48:00,teachers,['cheaters']
2021-07-03 14:48:00,this,"['shit', 'hits', 'sith']"
2021-07-03 14:48:00,named,['amend']
2021-07-03 14:48:00,wrote,['tower']
2021-07-03 14:48:00,tire,"['tier', 'rite']"
2021-07-03 14:48:00,boss,['sobs']
2021-07-03 14:48:00,recurse,"['rescuer', 'securer']"
2021-07-04 01:00:00,dozen,['zoned']
2021-07-04 01:00:00,chum,['much']
2021-07-04 01:00:00,teens,['tense']
2021-07-04 01:00:00,hornet,['throne']
2021-07-06 12:09:00,sphere,['herpes']
2021-07-11 02:57:00,strut,['trust']
2021-07-11 02:57:00,master,['stream']
2021-07-17 18:32:00,reset,"['steer', 'trees', 'ester', 'terse']"
2021-07-18 18:30:00,legume,['glue me']
2021-07-20 20:54:00,kindle,['linked']
2021-07-22 18:22:00,points,['piston']
2021-07-23 17:26:00,clover,['velcro']
2021-07-25 18:22:00,brief,['fiber']
2021-07-26 22:04:00,carb,['crab']
2021-08-03 15:33:00,creation,['reaction']
2021-08-03 15:33:00,antler,['rental']
2021-08-07 01:46:00,armed,"['madre', 'dr*am']"
2021-08-10 03:23:00,march,['charm']
2021-08-10 03:23:00,gabe lewis (character from the office),['wise bagel']
2021-08-17 23:35:00,cuter,['truce']
2021-08-19 22:16:00,sex daily,['dyslexia']
2021-08-19 22:16:00,poster,"['tropes', 'repost']"
2021-08-30 12:45:00,agte,['gate']
2021-09-17 20:05:00,fbi,['fib']
2021-09-17 20:05:00,undertale,['deltarune']
2021-09-17 20:05:00,|nut dealer||,['nude alert||courtesy of aaru']
2021-09-18 23:24:00,males,"['salem', 'meals', 'lames']"
2021-10-02 13:00:00,however,['whoever']
2021-10-02 13:00:00,doe,['ode']
2021-10-02 13:00:00,acre,"['race', 'care']"
2021-10-03 12:32:00,also,['laos']
2021-10-03 12:32:00,louse,['seoul']
2021-10-20 22:15:00,evelyn,['evenly']
2021-10-20 22:15:00,nidhi,['hindi']
2021-11-03 10:21:00,raft,"['fart', 'frat']"
2021-11-12 02:06:00,dosa,['soda']
2021-11-13 22:07:00,aarush,['ashura']
2021-11-22 12:35:00,latitude,['altitude']
2021-12-21 01:39:00,hustlers,"['ruthless', 'hurtless']"
2021-12-21 01:39:00,part,['8. ade']
2021-12-21 01:39:00,|taped||,['9. bidd']
2021-12-21 01:39:00,|binded||,['0. elb']
2022-01-04 01:40:00,postman,['tampons']
2022-01-15 01:33:00,deepest,"['deepset', 'steeped']"
2022-01-16 23:41:00,despair,"['diapers', 'aspired', 'praised']"
2022-01-16 23:41:00,wonderful,['fun wordle']
2022-01-17 03:11:00,penal,"['plane', 'nepal']"
2022-01-17 03:11:00,planes,['naples']
2022-01-17 03:11:00,weldor,['wordle']
2022-01-17 03:11:00,newark,['wanker']
2022-01-19 01:12:00,tripodic,['diprotic']
2022-01-21 15:51:00,baker,"['break', 'brake']"
2022-01-21 15:51:00,serve,"['sever', 'verse']"
2022-01-23 02:37:00,pearl,['paler']
2022-01-23 02:37:00,patel,"['petal', 'plate', 'pleat']"
2022-01-23 02:37:00,resist,['sister']
2022-01-24 02:09:00,snarled,['slander']
2022-01-25 12:55:00,issue,['susie']
2022-01-25 12:55:00,mango,['among']
2022-01-26 21:40:00,harpies,['sharpie']
2022-01-26 21:40:00,dentals,['slanted']
2022-01-28 01:38:00,marble,['ramble']
2022-02-02 16:55:00,large,"['regal', 'glare']"
2022-02-03 12:53:00,groan,"['organ', 'rogan', 'argon']"
2022-02-05 18:35:00,robes,"['sober', 'bores']"
2022-02-05 18:35:00,singlet,"['tingles', 'glisten']"
2022-02-05 18:35:00,butlers,['subtler']
2022-02-07 12:48:00,coronavirus,['carnivorous']
2022-02-07 12:48:00,tassel,"['slates', 'teslas', 'steals']"
2022-02-07 12:48:00,slate,"['tesla', 'least', 'tales', 'stale', 'steal']"
2022-02-07 12:48:00,tessa,"['asset', 'seats', 'tasse']"
2022-02-07 12:48:00,unite,['untie']
2022-02-07 12:48:00,swede,['weeds']
2022-02-07 12:48:00,diaper,"['paired', 'repaid']"
2022-02-07 12:48:00,fires,['fries']
2022-02-07 12:48:00,filer,"['lifer', 'flier', 'rifle']"
2022-02-11 02:00:00,abroad,['aboard']
2022-02-11 02:00:00,integral,"['alerting', 'altering', 'relating', 'triangle']"
2022-02-11 02:00:00,integrals,"['gnarliest', 'triangles']"
2022-02-11 02:00:00,drive,['diver']
2022-02-12 17:06:00,ape,['pea']
2022-02-12 17:06:00,being,['binge']
2022-02-13 17:34:00,mascara (esp),['camaras']
2022-02-13 17:34:00,mascara (ing),['maracas']
2022-02-17 01:42:00,trans,['trnas']
2022-02-19 18:02:00,endow,['owned']
2022-02-21 17:57:00,tutor,['trout']
2022-02-21 17:57:00,regina,['regain']
2022-02-23 18:58:00,float,['aloft']
2022-02-25 12:29:00,cabron (stole from vedh sorry),['carbon']
2022-02-28 02:31:00,remain,['marine']
2022-03-01 20:04:00,sauce,['cause']
2022-03-01 20:04:00,sonic,"['coins', 'icons', 'scion']"
2022-03-01 20:04:00,beard,['bread']
2022-03-01 20:04:00,pat,"['tap', 'apt']"
2022-03-01 20:04:00,pats,"['spat', 'taps', 'past']"
2022-03-01 20:04:00,parties,"['pirates', 'traipse']"
2022-03-01 20:04:00,aspire,['praise']
2022-03-01 20:04:00,aspires,['praises']
2022-03-01 20:04:00,rupees,['peruse']
2022-03-01 20:04:00,aspirer,"['repairs', 'raspier', 'rapiers', 'parries', 'praiser']"
2022-03-02 02:40:00,closest,['closets']
2022-03-02 02:40:00,god,['dog']
2022-03-02 02:40:00,was,['saw']
2022-03-02 02:40:00,wed,['dew']
2022-03-02 02:40:00,sign,"['sing', 'gins']"
2022-03-02 02:40:00,mad,['dam']
2022-03-02 02:40:00,map,"['amp', 'pam']"
2022-03-02 02:40:00,maps,['spam']
2022-03-02 02:40:00,spasm,['spams']
2022-03-02 02:40:00,binder,['inbred']
2022-03-02 02:40:00,poos,['oops']
2022-03-02 02:40:00,pees,['seep']
2022-03-02 02:40:00,note,['tone']
2022-03-02 02:40:00,pool,['loop']
2022-03-02 02:40:00,slap,"['lasp', 'pals', 'alps']"
2022-03-02 02:40:00,pantser,"['parents', 'entraps']"
2022-03-02 02:40:00,earth,"['heart', 'hater']"
2022-03-02 02:40:00,sole,['lose']
2022-03-02 02:40:00,evil,"['live', 'veil']"
2022-03-02 02:40:00,listen,"['silent', 'tinsel', 'enlist']"
2022-03-02 02:40:00,bad,['dab']
2022-03-04 12:56:00,awry,['wary']
2022-03-04 12:56:00,loaf,"['foal', 'olaf (second one credits to supershammy)']"
2022-03-04 12:56:00,lap,['pal']
2022-03-05 03:48:00,lashes,['hassle']
2022-03-05 03:48:00,thorsen,"['thrones', 'hornets', 'shorten']"
2022-03-06 12:54:00,time,"['emit', 'mite', 'item']"
2022-03-06 12:54:00,times,"['items', 'smite', 'emits', 'mites']"
2022-03-06 12:54:00,game,"['mega', 'mage']"
2022-03-06 12:54:00,small,['malls']
2022-03-06 12:54:00,tool,['loot']
2022-03-06 12:54:00,tools,['stool']
2022-03-06 12:54:00,scum,['cums']
2022-03-07 13:20:00,night,['thing']
2022-03-07 13:20:00,reap,['pear']
2022-03-07 13:20:00,scar,"['cars', 'arcs']"
2022-03-07 13:20:00,princes,"['pincers', 'crispen']"
2022-03-07 13:20:00,war,['raw']
2022-03-07 13:20:00,miss,['sims']
2022-03-07 13:20:00,are,"['era', 'ear']"
2022-03-07 13:20:00,ryan,['yarn']
2022-03-07 13:20:00,read,"['dear', 'dare']"
2022-03-08 12:24:00,splurge,['gulpers']
2022-03-08 12:24:00,plug,['gulp']
2022-03-08 12:24:00,expels,['plexes']
2022-03-08 12:24:00,tab,['bat']
2022-03-08 12:24:00,tabs,"['stab', 'bats']"
2022-03-08 12:24:00,beads,['based']
2022-03-08 12:24:00,bears,"['bares', 'saber', 'baser']"
2022-03-08 12:24:00,silver,"['livers', 'sliver']"
2022-03-08 12:24:00,cold,['clod']
2022-03-08 12:24:00,clods,['scold']
2022-03-08 12:24:00,ruse,"['sure', 'rues', 'user']"
2022-03-08 12:24:00,seal,['sale']
2022-03-08 12:24:00,ripens,"['sniper', 'repins']"
2022-03-08 12:24:00,prism,['prims']
2022-03-08 12:24:00,not,['ton']
2022-03-08 12:24:00,tons,['snot']
2022-03-08 12:24:00,licks,['slick']
2022-03-08 12:24:00,lays,['slay']
2022-03-08 12:24:00,heirs,"['hires', 'shire', 'shier']"
2022-03-08 12:24:00,must,['smut']
2022-03-08 12:24:00,quite,['quiet']
2022-03-08 12:24:00,start,"['strat', 'tarts']"
2022-03-08 12:24:00,great,"['grate', 'retag']"
2022-03-08 12:24:00,coat,['taco']
2022-03-08 12:24:00,north,['thorn']
2022-03-08 12:24:00,south,['shout']
2022-03-08 12:24:00,east,"['seat', 'tase', 'eats']"
2022-03-08 12:24:00,west,"['stew', 'wets']"
2022-03-08 12:24:00,trail,['trial']
2022-03-08 12:24:00,straw,['warts']
2022-03-08 12:24:00,smug,"['gums', 'mugs']"
2022-03-08 12:24:00,from,['form']
2022-03-08 12:24:00,lost,"['lots', 'slot']"
2022-03-08 12:24:00,yass,['says']
2022-03-08 12:24:00,earn,['near']
2022-03-08 12:24:00,earns,"['snare', 'nears']"
2022-03-08 12:24:00,scan,['cans']
2022-03-08 12:24:00,ladies,"['sailed', 'ideals', 'aisled']"
2022-03-08 12:24:00,what,"['thaw', '(hawt)']"
2022-03-08 12:24:00,lips,"['slip', 'lisp']"
2022-03-08 12:24:00,now,"['own', 'won']"
2022-03-08 12:24:00,owns,['snow']
2022-03-08 12:24:00,maybe,['beamy']
2022-03-08 12:24:00,blue,['lube']
2022-03-08 12:24:00,but,['tub']
2022-03-08 12:24:00,stub,"['buts', 'tubs']"
2022-03-08 12:24:00,wake,['weak']
2022-03-08 12:24:00,option,['potion']
2022-03-08 12:24:00,more,['rome']
2022-03-08 12:24:00,today,['toady']
2022-03-08 12:24:00,yawn,['wany']
2022-03-08 12:24:00,swang,['gnaws']
2022-03-08 12:24:00,cape,['pace']
2022-03-08 12:24:00,crepe,['creep']
2022-03-08 12:24:00,general,['enlarge']
2022-03-08 12:24:00,ethics,"['itches', 'cishet']"
2022-03-08 12:24:00,clean,['lance']
2022-03-08 12:24:00,horse,['shore']
2022-03-08 12:24:00,sink,"['kins', 'skin']"
2022-03-08 12:24:00,weird,"['wired', 'wider']"
2022-03-08 12:24:00,late,"['teal', 'tale']"
2022-03-08 12:24:00,height,['eighth']
2022-03-08 12:24:00,using,['suing']
2022-03-08 12:24:00,use,['sue']
2022-03-08 12:24:00,owe,['woe']
2022-03-08 12:24:00,peek,['keep']
2022-03-08 12:24:00,brutes,"['buster', 'burets']"
2022-03-09 12:58:00,respond,['ponders']
2022-03-09 12:58:00,protein,['pointer']
2022-03-10 15:08:00,coder,['decor']
2022-03-10 15:08:00,|cored||,['3. de']
2022-03-10 15:08:00,|fade||,['4. slic']
2022-03-10 15:08:00,|relics||,['5. put']
2022-03-10 15:08:00,|input||,['6. fi']
2022-03-11 13:24:00,riving,['virgin']
2022-03-11 13:24:00,solve,['loves']
2022-03-11 13:24:00,sethe,"['sheet', 'these']"
2022-03-11 13:24:00,groins,['soring']
2022-03-11 13:24:00,ciphers,['spheric']
2022-03-11 13:24:00,manger,['german']
2022-03-11 13:24:00,sol (spanish),['los']
2022-03-12 15:21:00,conserve,['converse']
2022-03-12 15:21:00,daiso,['adios']
2022-03-12 15:21:00,how're,['whore']
2022-03-12 15:21:00,hips,['ship']
2022-03-12 15:21:00,tips,"['pits', 'spit']"
2022-03-13 21:19:00,|newt||,['0. ra']
2022-03-13 21:19:00,"|tear, tear||",['1. ed']
2022-03-13 21:19:00,"|tide, diet||",['2. mo']
2022-03-14 02:55:00,spades,['passed']
2022-03-15 01:42:00,views,['wives']
2022-03-15 01:42:00,ew,['we']
2022-03-16 13:59:00,incest,"['insect', 'nicest']"
2022-03-17 12:37:00,elvis,"['lives', 'veils', 'evils', 'levis']"
2022-03-17 12:37:00,fidel (as in castro),"['filed', 'field', 'flied']"
2022-03-17 12:37:00,crony,['corny']
2022-03-17 12:37:00,said,['aids']
2022-03-17 12:37:00,cmu,['cum']
2022-03-17 12:37:00,came,['mace']
2022-03-17 12:37:00,cats,"['cast', 'scat', 'acts', 'tacs']"
2022-03-18 19:54:00,warp,['wrap']
2022-03-19 12:54:00,side,"['dies', 'desi']"
2022-03-19 12:54:00,slide,['delis']
2022-03-20 02:05:00,trash,['shart']
2022-03-20 02:05:00,emily,"['limey', 'miley']"
2022-03-20 02:05:00,poas,"['soap', 'paso']"
2022-03-20 02:05:00,neon,['none']
2022-03-20 02:05:00,ssa (samyukta sridharan athreya),['ass']
2022-03-20 02:05:00,betas,"['beast', 'beats']"
2022-03-23 11:56:00,nancy,['canny']
2022-03-24 12:14:00,roman,"['manor', 'norma']"
2022-03-24 12:14:00,hats,['shat']
2022-03-24 12:14:00,harts,"['shart', 'trash']"
2022-03-25 01:13:00,casted,['cadets']
2022-03-25 01:13:00,upset,"['setup', 'stupe']"
2022-03-26 17:44:00,bart,['brat']
2022-03-27 01:14:00,nasty,['antsy']
2022-03-27 01:14:00,ram (hariom),['arm']
2022-03-27 01:14:00,simone,['monies']
2022-03-27 01:14:00,avid,['diva']
2022-03-27 01:14:00,denim,['mined']
2022-03-27 01:14:00,meat,"['mate', 'team', 'tame', 'meta']"
2022-03-27 01:14:00,arya,"['yaar', 'aray']"
2022-03-27 01:14:00,gel,['leg']
2022-03-27 01:14:00,angel,['angle']
2022-03-27 01:14:00,rhea,"['hear', 'hare']"
2022-03-28 12:50:00,inert,"['inter', 'trine']"
2022-03-29 12:54:00,golden,"['longed', 'dongle']"
2022-03-29 12:54:00,student,['stunted']
2022-03-29 12:54:00,ride,['dire']
2022-03-30 23:59:00,senior,['nosier']
2022-03-30 23:59:00,fender,['nerfed']
2022-04-01 01:25:00,rio,"['oir', 'ori']"
2022-04-01 01:25:00,may,"['amy', 'yam']"
2022-04-01 01:25:00,tori,"['riot', 'roti']"
2022-04-02 14:17:00,ought,['tough']
2022-04-03 14:31:00,pepsi,['pipes']
2022-04-04 12:11:00,itself,"['stifle', 'filets', 'fliest']"
2022-04-04 12:11:00,mope,['poem']
2022-04-04 12:11:00,exist,['exits']
2022-04-04 12:11:00,demand,['damned']
2022-04-05 13:22:00,siren,['risen']
2022-04-05 13:22:00,barley,"['barely', 'bleary']"
2022-04-08 01:05:00,lust,['slut']
2022-04-11 13:50:00,strait,"['artist', 'traits']"
2022-04-14 01:33:00,rubies,"['busier', 'buries']"
2022-04-14 01:33:00,gnat,['tang']
2022-04-14 01:33:00,gnats,"['angst', 'stang', 'tangs']"
2022-04-15 16:41:00,vector,['covert']
2022-04-16 18:45:00,seldom,['models']
2022-04-19 03:35:00,forensic,"['conifers', 'fornices']"
2022-04-19 03:35:00,pan,['nap']
2022-04-28 13:29:00,siri,['iris']
2022-05-03 19:05:00,sip,['psi (pressure per square inch)']
2022-05-03 19:05:00,caution,['auction']
2022-05-08 23:53:00,say,['yas']
2022-05-08 23:53:00,setting,['testing']
2022-05-09 12:13:00,compliant,['complaint']
2022-05-13 17:47:00,gals,['lags']
2022-05-13 17:47:00,gala,['alga']
2022-05-20 11:46:00,satchel,['latches']
2022-05-22 18:48:00,arise,"['aries', 'raise']"
2022-05-22 18:48:00,nail,['lain']
2022-05-22 18:48:00,snail,"['nails', 'slain']"
2022-05-22 18:48:00,need,['eden']
2022-05-22 18:48:00,scares,['caress']
2022-05-22 18:48:00,tange,['agent']
2022-05-27 02:07:00,shotgun,['gunshot']
2022-05-28 22:05:00,snap,"['naps', 'pans', 'span']"
2022-05-29 21:41:00,early,"['layer', 'relay']"
2022-05-29 21:41:00,scratch,"['charts', 'starch']"
2022-05-30 23:43:00,signal,['aligns']
2022-06-02 19:20:00,green,['genre']
2022-06-04 16:40:00,aprils,['spiral']
2022-06-04 16:40:00,seahorse,['seashore']
2022-06-04 16:40:00,sore,"['ores', 'rose', 'eros']"
2022-06-06 15:35:00,sector,"['corset', 'escort']"
2022-06-06 15:35:00,medical,['claimed']
2022-06-07 12:58:00,finger,['fringe']
2022-06-08 01:44:00,trios,['riots']
2022-06-08 01:44:00,roid,['dior']
2022-06-09 01:18:00,se,['es']
2022-06-10 03:29:00,complied,['compiled']
2022-06-10 03:29:00,girdle,['glider']
2022-06-11 12:14:00,ghost,['goths']
2022-06-11 12:14:00,shot,"['hots', 'host']"
2022-06-11 12:14:00,slayed ðŸ’…,['delays']
2022-06-11 12:14:00,lake,"['leak', 'kale']"
2022-06-12 20:34:00,venom,['venmo']
2022-06-12 20:34:00,sport,['ports']
2022-06-12 20:34:00,spark,['parks']
2022-06-13 14:00:00,sent,"['nets', 'tens']"
2022-06-17 12:24:00,scrap,['craps']
2022-06-18 02:57:00,loins,['lions']
2022-06-18 02:57:00,ails,['sail']
2022-06-18 02:57:00,stare,"['tears', 'tares', 'taser', 'rates']"
2022-06-18 02:57:00,starer,['arrest']
2022-06-18 02:57:00,crate,"['cater', 'react', 'trace', 'caret']"
2022-06-18 02:57:00,person,['prones']
2022-06-18 02:57:00,coexist,['exotics']
2022-06-18 02:57:00,lore,['role']
2022-06-20 15:07:00,face,['cafe']
2022-06-20 15:07:00,save,['vase']
2022-06-20 15:07:00,artemis,['smartie']
2022-06-20 15:07:00,crater,"['tracer', 'carter']"
2022-06-22 20:12:00,trifle,"['filter', 'lifter']"
2022-06-22 20:12:00,file,['life']
2022-06-23 13:15:00,files,['flies']
2022-06-23 13:15:00,halsey,['ashley']
2022-06-23 13:15:00,plains,['spinal']
2022-06-23 13:15:00,hostel,['hotels']
2022-06-24 03:01:00,cavern,"['carven', 'craven']"
2022-06-24 03:01:00,butt sex,['subtext']
2022-06-24 03:01:00,anal,"['lana', 'alan', 'nala']"
2022-06-26 02:26:00,novels,['sloven']
2022-06-26 02:26:00,pilots,"['pistol', 'spoilt']"
2022-06-26 02:26:00,advil,"['valid ðŸŒˆ', 'vidal', 'vilda']"
2022-06-26 02:26:00,stud,['dust']
2022-06-27 01:52:00,tension,['intones']
2022-06-27 01:52:00,tinker,['reknit']
2022-06-27 01:52:00,article,['recital']
2022-06-27 01:52:00,articles,"['recitals', 'sterical']"
2022-06-28 12:29:00,atheists,"['hastiest', 'staithes']"
2022-06-28 12:29:00,regrading,['regarding']
2022-06-29 21:43:00,ward,['draw']
2022-06-30 01:43:00,bestial,['ableist']
2022-06-30 01:43:00,natives,"['naivest', 'vainest']"
2022-06-30 01:43:00,itch,['chit']
2022-07-01 23:39:00,marsh,['harms']
2022-07-01 23:39:00,marsha,['sharma']
2022-07-01 23:39:00,,['6. ma']
2022-07-01 23:39:00,"|sham, hams||",['7. sma']
2022-07-05 21:23:00,ranks,"['snark', 'narks']"
2022-07-07 17:27:00,usps,['puss']
2022-07-08 10:12:00,slurpee,['repulse']
2022-07-09 12:13:00,mutagen,['augment']
2022-07-09 12:13:00,aside,"['ideas', 'aides', 'sadie']"
2022-07-11 10:00:00,cline,['incel']
2022-07-11 10:00:00,lobing,['goblin']
2022-07-11 10:00:00,demo,"['mode', 'dome']"
2022-07-11 10:00:00,blister,"['bristle', 'riblets']"
2022-07-11 10:00:00,sean,['sane']
2022-07-11 10:00:00,run,['urn']
2022-07-11 10:00:00,plea,"['leap', 'pale']"
2022-07-12 09:15:00,onside,"['edison', 'noised']"
2022-07-12 09:15:00,first,"['rifts', 'frits']"
2022-07-12 09:15:00,defiant,['fainted']
2022-07-12 09:15:00,barre,"['rebar', 'barer']"
2022-07-12 09:15:00,triples,['resplit']
2022-07-12 09:15:00,triplets,['splitter']
2022-07-12 09:15:00,writhe,"['whiter', 'wither']"
2022-07-12 09:15:00,lactose,"['locates', 'talcose']"
2022-07-13 09:00:00,source,['course']
2022-07-13 09:00:00,sources,"['sucrose', 'courses']"
2022-07-13 09:00:00,canister,['scantier']
2022-07-13 09:00:00,canisters,['scenarist']
2022-07-13 09:00:00,ascertain,"['sectarian', 'craniates']"
2022-07-13 09:00:00,turbine,['tribune']
2022-07-13 09:00:00,mirage,"['gamier', 'imager']"
2022-07-14 09:23:00,reading,"['grained', 'deraign']"
2022-07-14 09:23:00,latent,['talent']
2022-07-14 09:23:00,purest,['erupts']
2022-07-15 09:14:00,ingest,"['tinges', 'stinge']"
2022-07-15 09:14:00,gelatin,"['genital', 'elating']"
2022-07-15 09:14:00,gelatins,"['stealing', 'genitals']"
2022-07-15 09:14:00,gradient,['treading']
2022-07-15 09:14:00,strain,"['trains', 'starin', 'artsin', 'arstin', 'stinar', 'ntarsi']"
2022-07-15 09:14:00,cartel,['rectal']
2022-07-15 09:14:00,cartels,"['scarlet', 'crestal']"
2022-07-15 09:14:00,arcsine,['arsenic']
2022-07-15 09:14:00,arcsines,"['arsenics', 'raciness']"
2022-07-15 09:14:00,liberal,['braille']
2022-07-18 03:27:00,scouts,['scotus']
2022-07-19 18:51:00,ralsei,"['serial', 'israel', 'asriel']"
2022-07-19 18:51:00,profile,['prolife']
2022-07-22 16:51:00,tetanus,"['attunes', 'unstate']"
2022-07-22 16:51:00,ate,"['tea', 'eat']"
2022-07-22 16:51:00,state,"['teats', 'taste']"
2022-07-22 16:51:00,molarity,['morality']
2022-07-23 11:43:00,molar,['moral (i copied vedh)']
2022-07-27 22:50:00,eggman,['gagmen']
2022-07-28 20:35:00,sort,['rots']
2022-08-01 13:14:00,platelet,['pallette']
2022-08-03 14:13:00,door,['odor']
2022-08-04 14:55:00,knee,['keen']
2022-08-04 14:55:00,sordid,['droids']
2022-08-05 15:18:00,neigh,['hinge']
2022-08-10 15:57:00,maiden,"['mained', 'median']"
2022-08-14 17:44:00,agent,['tange']
2022-08-14 17:44:00,titan,['taint']
2022-08-14 17:44:00,austen,['unseat']
2022-08-19 12:13:00,inward,['darwin']
2022-08-19 12:13:00,sangam,['mangas']
2022-08-20 23:12:00,rebate,['berate']
2022-08-27 16:18:00,apple id,['applied']
2022-08-27 16:18:00,rescue,['secure']
2022-09-07 13:32:00,econ,"['cone', 'once']"
2022-09-14 18:50:00,ours,['sour']
2022-09-15 13:50:00,stoma,"['moats', 'atoms']"
2022-09-16 12:10:00,maori,['mario']
2022-09-20 23:27:00,derulo,['louder']
2022-09-21 17:30:00,ceramic,['racemic']
2022-09-21 17:30:00,mineral,['manlier']
2022-09-24 17:59:00,sitar,['stair']
2022-10-02 14:59:00,indelible,['inedible']
2022-10-02 14:59:00,list,"['slit', 'silt']"
2022-10-02 14:59:00,lied,['deli']
2022-10-02 14:59:00,silo,"['soil', 'lois', 'oils']"
2022-10-03 10:53:00,statue,['astute']
2022-10-03 10:53:00,barbie,['babier']
2022-10-03 10:53:00,amherst,['hamster']
2022-10-04 11:16:00,grape,['pager']
2022-10-04 11:16:00,anime,['maine']
2022-10-04 11:16:00,sperm,['perms']
2022-10-04 11:16:00,asil,['bails']
2022-10-04 11:16:00,grapes,"['gasper', 'sparge']"
2022-10-04 11:16:00,shag,"['gash', 'hags']"
2022-10-04 11:16:00,sad,['ads']
2022-10-04 11:16:00,dad,['add']
2022-10-04 11:16:00,gas,['sag']
2022-10-04 11:16:00,spear,"['spare', 'pears', 'parse', 'rapes']"
2022-10-06 15:53:00,mister,"['timers', 'merits', 'remits']"
2022-10-07 02:07:00,boney,['ebony']
2022-10-07 02:07:00,stag,['tags']
2022-10-08 13:56:00,satin,"['stain', 'saint']"
2022-10-08 13:56:00,breast,"['barest', 'baster']"
2022-10-08 13:56:00,harems,"['masher', 'shmear', 'shamer']"
2022-10-09 22:37:00,media,['aimed']
2022-10-09 22:37:00,karela,['kerala']
2022-10-11 12:35:00,chisel,"['chiles', 'liches']"
2022-10-11 12:35:00,stores,"['tosser', 'retoss', 'sorest']"
2022-10-11 12:35:00,bingo,['boing']
2022-10-11 12:35:00,tardy,['darty']
2022-10-12 11:30:00,gore,"['ogre', 'ergo']"
2022-10-17 12:47:00,socal,"['coals', 'colas']"
2022-10-17 12:47:00,arming,['margin']
2022-10-17 12:47:00,chagrin,['arching']
2022-10-17 12:47:00,design,"['signed', 'singed']"
2022-10-17 12:47:00,cÃ³mics,['cosmic']
2022-10-18 22:14:00,citadel,"['dialect', 'edictal']"
2022-10-19 10:23:00,shader,['shared']
2022-10-19 10:23:00,adores,"['soared', 'sarode(like the last name)']"
2022-10-19 10:23:00,midterm,['trimmed']
2022-10-19 10:23:00,skid,['kids']
2022-10-19 10:23:00,tend,['dent']
2022-10-21 13:19:00,stupor,['sprout']
2022-10-23 12:25:00,steward,['strawed']
2022-10-23 12:25:00,spread,"['drapes', 'spared', 'parsed', 'rasped']"
2022-10-23 12:25:00,bro,"['rob', 'orb']"
2022-10-23 12:25:00,pain,['pains']
2022-10-23 12:25:00,robe,['bore']
2022-10-23 12:25:00,dispel,['lisped']
2022-10-23 12:25:00,merit,"['timer', 'remit']"
2022-10-24 16:38:00,gremlin,['mingler']
2022-10-24 16:38:00,nearpod,"['operand', 'aproned']"
2022-10-26 17:21:00,sachet,"['cheats', 'chaste']"
2022-10-26 17:21:00,gaps,['gasp']
2022-10-26 17:21:00,ripples,['slipper']
2022-10-26 17:21:00,bag,['gab']
2022-10-27 02:56:00,censor,['crones']
2022-10-27 02:56:00,prose,"['poser', 'ropes', 'pores', 'spore']"
2022-10-28 01:32:00,could,['cloud']
2022-10-28 01:32:00,posted,['depots']
2022-10-28 01:32:00,pesto,['poets']
2022-10-28 01:32:00,udons,['sound']
2022-10-28 01:32:00,tired,['tried']
2022-10-29 12:41:00,naomi,['amino']
2022-10-29 12:41:00,food,['doof']
2022-10-29 12:41:00,indies,['inside']
2022-10-30 02:29:00,fist,"['fits', 'sift']"
2022-10-31 12:06:00,instead,"['stained', 'detains']"
2022-10-31 12:06:00,delight,['lighted']
2022-10-31 12:06:00,wreath,"['thawer', 'rethaw']"
2022-11-01 20:33:00,pursued,"['usurped', 'purdues']"
2022-11-02 22:33:00,surname,"['manures', 'ramunes']"
2022-11-02 22:33:00,brocade,['barcode']
2022-11-03 20:51:00,beta,['beat']
2022-11-03 20:51:00,begin,"['being', 'binge']"
2022-11-04 17:42:00,ethos,['those']
2022-11-06 18:20:00,terrain,['trainer']
2022-11-06 18:20:00,terrains,"['trainers', 'restrain', 'strainer']"
2022-11-06 18:20:00,bastion,"['obtains', 'bonitas']"
2022-11-06 18:20:00,bernard,['rebrand']
2022-11-07 12:17:00,islam,['mails']
2022-11-07 12:17:00,opus,['soup']
2022-11-07 12:17:00,ranger,['garner']
2022-11-07 12:17:00,gyro,"['orgy', 'gory']"
2022-11-08 17:24:00,heir,['hire']
2022-11-08 17:24:00,scalp,"['claps', 'clasp']"
2022-11-08 17:24:00,rise,"['eris (the dwarf planet)', 'sire', 'ires']"
2022-11-09 02:00:00,pedals,"['lapsed', 'pleads']"
2022-11-09 02:00:00,pedal,"['plead', 'paled']"
2022-11-09 02:00:00,vast,['vats']
2022-11-09 02:00:00,minerals,['mislearn']
2022-11-10 12:45:00,does,"['odes', 'dose']"
2022-11-12 02:43:00,droplet,['pretold']
2022-11-12 02:43:00,psalm,['palms']
2022-11-12 02:43:00,cellar,"['caller', 'recall']"
2022-11-12 02:43:00,bud,['dub']
2022-11-13 01:09:00,idols,['solid']
2022-11-13 01:09:00,roots,"['torso', 'roost']"
2022-11-13 01:09:00,preamp,['pamper']
2022-11-14 14:18:00,tender,['rented']
2022-11-15 12:42:00,solemn,"['lemons', 'melons']"
2022-11-17 02:26:00,deltas,"['salted', 'lasted', 'staled', 'desalt', 'slated']"
2022-11-17 02:26:00,resin,"['risen', 'rinse', 'siren', 'reins']"
2022-11-18 20:31:00,parsley,"['players', 'replays', 'sparely']"
2022-11-20 15:02:00,escape,['peaces']
2022-11-21 13:22:00,senegal,['angeles']
2022-11-22 12:47:00,notes,"['tones', 'stone', 'onset']"
2022-11-23 12:02:00,pinned a message,['5. asce']
2022-11-23 12:02:00,"|enacts, secant, stance||",['6. weld']
2022-11-24 17:26:00,slump,"['lumps', 'plums']"
2022-11-24 17:26:00,plum,['lump']
2022-11-24 17:26:00,seminar,"['marines', 'remains']"
2022-11-26 19:17:00,starve,"['averts', 'vaster']"
2022-11-26 19:17:00,dreads,"['sadder', 'adders', 'readds']"
2022-12-01 11:34:00,palsy,"['splay', 'plays']"
2022-12-01 11:34:00,signet,"['ingest', 'tinges']"
2022-12-08 21:59:00,them,['meth']
2022-12-08 21:59:00,vein,['vine']
2022-12-09 14:06:00,bugle,['bulge']
2022-12-09 14:06:00,china,['chain']
2022-12-09 14:06:00,lighten,['enlight']
2022-12-09 14:06:00,tedious,['outside']
2022-12-12 19:18:00,gurgles,['slugger']
2022-12-12 19:18:00,melts,['smelt']
2022-12-12 19:18:00,phrase,"['phaser', 'shaper']"
2022-12-14 10:30:00,unclear,['nuclear']
2022-12-15 11:51:00,deviates,['sedative']
2022-12-19 12:11:00,harden,['hander']
2022-12-20 14:39:00,overt ðŸ˜ˆ,"['trove', 'voter']"
2022-12-21 21:09:00,taxes,['texas']
2022-12-22 01:35:00,rockets,"['restock', 'stocker']"
2022-12-22 01:35:00,surge,['urges']
2022-12-22 01:35:00,nectar,"['recant', 'trance']"
2022-12-23 12:47:00,wipes,['swipe']
2022-12-23 12:47:00,slime,"['limes', 'miles', 'smile']"
2022-12-23 12:47:00,plies,['piles']
2022-12-23 12:47:00,stroll,['trolls']
2022-12-23 12:47:00,stoner,"['tenors', 'toners']"
2022-12-23 12:47:00,spas,['pass']
2022-12-23 12:47:00,spin,"['pins', 'nips']"
2022-12-23 12:47:00,spill,['pills']
2022-12-23 12:47:00,poet,['tope']
2022-12-23 12:47:00,still,['tills']
2022-12-23 12:47:00,stim,"['mits', 'mist']"
2022-12-23 12:47:00,stick,['ticks']
2022-12-23 12:47:00,gif,['fig']
2022-12-23 12:47:00,posh,"['shop', 'hops']"
2022-12-24 19:42:00,perverse,['preserve']
2022-12-24 19:42:00,snag,"['nags', 'sang']"
2022-12-25 03:17:00,such,['cuhs']
2022-12-25 03:17:00,voila,['viola']
2022-12-25 03:17:00,squatter,['quartets']
2022-12-25 03:17:00,coiled,['docile']
2022-12-26 22:08:00,waste,['sweat']
2022-12-27 16:58:00,mole,['elmo']
2022-12-27 16:58:00,mile,['lime']
2022-12-27 16:58:00,centroid,['doctrine']
2022-12-28 17:03:00,hurdle,['hurled']
2022-12-28 17:03:00,dagger,['ragged']
2022-12-28 17:03:00,hoots,"['shoot', 'sooth']"
2022-12-29 12:15:00,reigns,"['resign', 'signer', 'singer']"
2022-12-29 12:15:00,askew,['wakes']
2022-12-29 12:15:00,borne,['boner']
2022-12-29 12:15:00,indent,"['intend', 'tinned']"
2022-12-29 12:15:00,herds,['shred']
2022-12-29 12:15:00,memories,['memorise']
2022-12-29 12:15:00,pesty,['types']
2022-12-29 12:15:00,shrine,['shiner']
2022-12-29 12:15:00,nape,['pane']
2022-12-29 12:15:00,isomers,['mossier']
2022-12-29 12:15:00,turrets,['truster']
2022-12-29 12:15:00,sword,['words']
2022-12-29 12:15:00,nurse,['runes']
2022-12-29 12:15:00,under,['nuder']
2022-12-29 12:15:00,loyal,['alloy']
2022-12-29 12:15:00,plaster,['stapler']
2022-12-29 12:15:00,staple,"['pleats', 'plates', 'pastel', 'palest', 'septal']"
2022-12-29 12:15:00,crams,['scram']
2022-12-29 12:15:00,kits,['skit']
2022-12-29 12:15:00,bid,['dib']
2022-12-29 12:15:00,runt,['turn']
2022-12-29 12:15:00,bake,['beak']
2022-12-29 12:15:00,race,"['care', 'acer']"
2022-12-29 12:15:00,dawdle,['waddle']
2022-12-30 01:08:00,wand,['dawn']
2023-01-01 22:37:00,equals,['squeal']
2023-01-04 17:12:00,nodes,['nosed']
2023-01-05 12:52:00,prod,['drop']
2023-01-05 12:52:00,rescind,"['cinders', 'discern']"
2023-01-06 12:58:00,each,['ache']
2023-01-07 18:33:00,misled,"['smiled', 'slimed']"
2023-01-07 18:33:00,similes,['missile']
2023-01-09 19:53:00,biased,['abides']
2023-01-09 19:53:00,bosom,"['booms', 'moobs ðŸ¤¤']"
2023-01-09 19:53:00,braised,"['sidebar', 'seabird', 'abiders']"
2023-01-09 19:53:00,taoism,['maoist']
2023-01-10 18:35:00,elects,['select']
2023-01-10 18:35:00,taverns,['servant']
2023-01-10 18:35:00,threat,['hatter']
2023-01-11 02:26:00,ashore,['hoarse']
2023-01-11 02:26:00,haste,"['heats', 'hates']"
2023-01-15 12:26:00,wallows,['swallow']
2023-01-15 12:26:00,creditor,['director']
2023-01-15 12:26:00,cusp,['cups']
2023-01-15 12:26:00,rowdy,"['wordy', 'dowry']"
2023-01-16 01:37:00,transient,['intranets']
2023-01-19 02:16:00,careless,['rescales']
2023-01-19 02:16:00,sardine,['sandier']
2023-01-19 02:16:00,sardines,['aridness']
2023-01-20 17:39:00,omen,['nemo']
2023-01-21 12:21:00,senator,"['treason', 'aternos', 'atoners']"
2023-01-21 12:21:00,ornate,['atoner']
2023-01-21 12:21:00,alsa,['basal']
2023-01-21 12:21:00,complies,['compiles']
2023-01-21 12:21:00,garnish,['sharing']
2023-01-21 12:21:00,praline,['plainer']
2023-01-21 12:21:00,needs,"['dense', 'deens']"
2023-01-21 12:21:00,peered,['deeper']
2023-01-21 12:21:00,stint,['tints']
2023-01-21 12:21:00,sorting,['storing']
2023-01-21 12:21:00,herself,['flesher']
2023-01-22 12:08:00,saunter,['natures']
2023-01-22 12:08:00,sparse,"['passer', 'repass', 'spears', 'spares', 'aspers', 'parses']"
2023-01-22 12:08:00,u-boat,['about']
2023-01-22 12:08:00,feel,['flee']
2023-01-23 12:31:00,adrish,['radish']
2023-01-23 12:31:00,earliest,"['realities', 'ateliers']"
2023-01-23 12:31:00,years,"['sayer', 'eyras', 'resay']"
2023-01-23 12:31:00,eyra,['year']
2023-01-23 12:31:00,earthy,['hearty']
2023-01-23 12:31:00,martian,['tamarin']
2023-01-23 12:31:00,scent,['cents']
2023-01-23 12:31:00,boulder,['doubler']
2023-01-24 20:53:00,able,['bale']
2023-01-26 14:00:00,ordeal,"['loader', 'reload']"
2023-01-26 14:00:00,grade,"['raged', 'garde']"
2023-01-28 22:32:00,meddle,['melded']
2023-01-29 22:25:00,trouser,['routers']
2023-01-30 19:57:00,dread,"['dared', 'readd', 'adder']"
2023-01-30 19:57:00,abled,"['blade', 'baled']"
2023-01-30 19:57:00,burden,"['burned', 'unbred']"
2023-01-30 19:57:00,worsen,"['reowns', 'rowens', 'resown']"
2023-01-31 12:47:00,serfdom,['deforms']
2023-02-03 17:06:00,debuts,['busted']
2023-02-03 17:06:00,creator,['reactor']
2023-02-04 17:54:00,intro,['nitro']
2023-02-05 20:26:00,inner,['niner']
2023-02-05 20:26:00,bagger,['beggar']
2023-02-06 10:30:00,latter,['rattle']
2023-02-07 19:12:00,sestet,['testes']
2023-02-07 19:12:00,slumber,"['lumbers', 'rumbles']"
2023-02-09 14:10:00,zelda,['lazed']
2023-02-12 19:05:00,ascend,['dances']
2023-02-16 13:51:00,ploy,['poly']
2023-02-17 02:29:00,clouts,['locust']
2023-02-19 13:23:00,empathic,['emphatic']
2023-02-20 11:02:00,sunblock,['unblocks']
2023-02-23 15:52:00,told,['dolt']
2023-02-26 20:04:00,deduces,['seduced']
2023-03-01 01:37:00,duties,['stuied']
2023-03-02 17:25:00,braking,['barking']
2023-03-05 14:56:00,lobster,['bolster']
2023-03-05 14:56:00,lucid,"['ludic', 'diluc (from jenshin)']"
2023-03-07 17:10:00,elastic,"['latices', 'laciest']"
2023-03-11 14:57:00,preset,['pester']
2023-03-15 18:00:00,vote,['veto']
2023-03-21 13:46:00,tetris,['sitter']
2023-03-25 15:42:00,warble,['bawler']
2023-04-05 14:13:00,trespass,['sparsest']
2023-04-05 14:13:00,tires,"['rites', 'tries']"
2023-04-05 14:13:00,sterling,"['ringlets', 'tinglers']"
2023-04-09 20:24:00,foster,"['forest', 'fortes']"
2023-04-09 20:24:00,snatch,['chants']
2023-04-17 12:32:00,niches,['inches']
2023-04-29 14:51:00,keshi,['hikes']
2023-05-01 21:01:00,inertias,['rainiest']
2023-05-02 18:28:00,clipper,['cripple']
2023-05-02 18:28:00,moira,['mario']
2023-05-05 18:50:00,mowry,['wormy']
2023-05-10 17:23:00,donate,['atoned']
2023-05-16 15:58:00,depend,['pended']
2023-05-16 15:58:00,seven,['evens']
2023-05-17 11:55:00,boredom,"['bedroom', 'broomed']"
2023-05-17 11:55:00,amuses,['assume']
2023-05-17 11:55:00,earnest,"['eastern', 'nearest']"
2023-05-17 11:55:00,pantries,"['painters', 'pertains', 'repaints']"
2023-05-17 11:55:00,knits,"['stink', 'tinks']"
2023-05-17 11:55:00,diabetes,['beadiest']
2023-05-18 18:55:00,unrest,['tuners']
2023-05-19 01:38:00,remark,['marker']
2023-05-19 01:38:00,selector,"['electors', 'electros']"
2023-05-23 12:47:00,sumedh,['mushed']
2023-05-24 15:59:00,sari,['airs']
2023-05-25 19:16:00,cries,['rices']
2023-05-26 12:03:00,sahil,['hails']
2023-05-26 12:03:00,wong,['gown']
2023-05-26 12:03:00,copable,['placebo']
2023-05-27 13:14:00,cigar,['craig']
2023-05-27 13:14:00,exalt,['latex']
2023-05-27 13:14:00,defer,['freed']
2023-05-27 13:14:00,ones,"['eons', 'nose', 'neos']"
2023-05-27 13:14:00,logan,['along']
2023-05-27 13:14:00,saliva,['avails']
2023-05-27 13:14:00,lemon,['melon']
2023-05-27 13:14:00,case,['aces']
2023-05-27 13:14:00,indeed,['denied']
2023-05-27 13:14:00,stucco,['scouts']
2023-05-27 13:14:00,selves,['vessel']
2023-05-28 16:52:00,testcase,['cassette']
2023-05-28 16:52:00,brainy,['binary']
2023-05-28 16:52:00,desire,['reside']
2023-05-28 16:52:00,norse,['snore']
2023-05-28 16:52:00,rustic,['citrus']
2023-05-29 11:32:00,insane,['sienna']
2023-05-29 11:32:00,proton,['pronto']
2023-05-30 11:57:00,check-in,['chicken']
2023-06-03 18:02:00,opp,['pop']
2023-06-03 18:02:00,pictures,['piecrust']
2023-06-05 13:28:00,diverts,['strived']
2023-06-05 13:28:00,gadget,['tagged']
2023-06-05 13:28:00,lever,['revel']
2023-06-05 13:28:00,truest,['utters']
2023-06-05 13:28:00,steady,['stayed']
2023-06-06 13:25:00,scramble,['clambers']
2023-06-08 12:25:00,poodle,['looped']
2023-06-10 15:38:00,adhere,['header']
2023-06-10 15:38:00,hydrate,['thready']
2023-06-11 22:29:00,boast,['boats']
2023-06-12 16:19:00,vowels,['wolves']
2023-06-14 02:46:00,conan,['canon']
2023-06-15 17:37:00,shape,"['phase', 'heaps']"
2023-06-19 13:18:00,oman,['moan']
2023-06-19 13:18:00,abyss,['bassy']
2023-06-20 13:44:00,nya,"['any', 'nay', 'yan']"
2023-06-20 13:44:00,cola,['coal']
2023-06-20 13:44:00,enrich,"['richen', 'incher']"
2023-06-20 13:44:00,splendid,['spindled']
2023-06-20 13:44:00,lopper,['propel']
2023-06-21 18:39:00,retina,['retain']
2023-06-21 18:39:00,retinas,"['retains', 'nastier', 'stainer', 'restain']"
2023-06-21 18:39:00,cornea,['canoer']
2023-06-21 18:39:00,corneas,"['canoers', 'narcose']"
2023-06-24 02:02:00,rabid,['braid']
2023-06-24 02:02:00,troupe,['pouter']
2023-06-24 02:02:00,towels,"['lowest', 'owlets']"
2023-06-28 13:06:00,paroles,['reposal']
2023-06-29 12:01:00,posture,"['troupes', 'spouter', 'pouters', 'petrous']"
2023-07-01 03:18:00,seeing,['genies']
2023-07-01 03:18:00,signees,['genesis']
2023-07-04 01:03:00,hypno,['phony']
2023-07-06 13:57:00,sleuth,['hustle']
2023-07-06 13:57:00,huts,"['thus', 'shut']"
2023-07-06 13:57:00,samples,"['mapless', 'ampless']"
2023-07-07 12:28:00,wander,"['warned', 'warden']"
2023-07-09 01:26:00,emirates,['steamier']
2023-07-09 01:26:00,threats,['shatter']
2023-07-09 01:26:00,shriek,['hikers']
2023-07-12 12:27:00,scarier,['carries']
2023-07-14 01:21:00,diverse,"['derives', 'deviser', 'revised']"
2023-07-22 10:48:00,naruto,['outran']
2023-07-27 08:13:00,braise,"['serbia', 'rabies']"
2023-07-27 08:13:00,bard,['drab']
2023-08-02 10:46:00,clot,['colt']
2023-08-02 10:46:00,tastier,['attires']
2023-08-14 01:52:00,crumpets,['spectrum']
2023-08-20 10:12:00,static,['attics']
2023-08-23 21:03:00,ucsb,"['usb-c', 'cubs']"
2023-08-28 07:59:00,dishes,['hissed']
2023-09-11 14:25:00,decimal,"['claimed', 'medical']"
2023-09-16 15:57:00,lattes,['latest']
2023-09-21 12:21:00,carousels,['sucralose']
2023-10-03 09:58:00,terrace,"['retrace', 'caterer']"
2023-10-06 19:38:00,fitness,"['finests', 'infests']"
2023-11-30 15:57:00,armrest,['smarter']
2023-12-11 12:27:00,outset,['set-out']
2023-12-21 22:37:00,bechdel,['belched']
2023-12-28 23:39:00,yapper,['prepay']
2023-12-29 12:45:00,darkest,['starked']
2023-12-31 12:22:00,ancients,"['canniest', 'instance']"
2023-12-31 13:50:00,farsi,['fairs']
2024-01-07 10:15:00,dalgona,"['gonadal', 'gondola']"
2024-01-08 22:45:00,duster,"['rudest', 'rusted']"
2024-01-12 22:04:00,ianthe,['hentai']
2024-01-16 15:06:00,oregon,['gooner']
2024-01-18 12:52:00,bin,['nib']
2024-01-25 22:10:00,nativist,['visitant']
2024-01-25 22:10:00,scoop,['coops']
2024-01-26 12:37:00,dipoles,['spoiled']
2024-01-31 19:45:00,mino,['omni']
2024-01-31 19:45:00,transients,['intranets']
2024-01-31 19:45:00,crude,['cured']
2024-02-14 12:34:00,torque,['quoter']
2024-02-18 19:09:00,ocean,['canoe']
2024-02-18 19:09:00,restful,['fluster']
2024-02-21 20:42:00,perfect,['prefect']
2024-02-21 20:42:00,horus,['hours']
2024-02-21 20:42:00,swedish,['swished']
2024-02-21 20:42:00,center,['recent']
2024-02-21 20:42:00,aloof,['loofa']
2024-02-21 20:42:00,oldie,['oiled']
2024-03-10 17:37:00,delta,['dealt']
2024-03-22 19:43:00,hudson,['hounds']
2024-03-24 17:50:00,present,['repents']
2024-03-24 17:50:00,trading,['darting']
2024-03-24 17:50:00,tasking,['skating']
2024-04-11 12:27:00,swine,"['sinew', 'wines']"
2024-04-21 21:17:00,ramune,['manure']
2024-04-28 17:08:00,tensor,"['stoner', 'tenors', 'toners']"
2024-04-28 17:08:00,tenor,['toner']
2024-04-29 13:57:00,recourse,['resource']
2024-05-12 13:57:00,thickset,"['thickest', 'thickets']"
2024-05-19 01:11:00,hotspot,['hotpots']
2024-05-28 17:57:00,technos,['notches']
2024-05-31 16:03:00,lectures,['cruelest']
2024-05-31 16:03:00,rodentia,"['rationed', 'ordinate']"
2024-06-09 12:04:00,gibsons,['bossing']
2024-06-18 18:28:00,ignore,['region']
2024-06-18 18:28:00,interim,['mintier']
2024-07-02 20:21:00,earshots,['hoarsest']
